<?xml version="1.0" encoding="UTF-8"?>
<project-private xmlns="http://www.netbeans.org/ns/project-private/1">
    <editor-bookmarks xmlns="http://www.netbeans.org/ns/editor-bookmarks/2" lastBookmarkId="0"/>
    <open-files xmlns="http://www.netbeans.org/ns/projectui-open-files/2">
        <group>
            <file>file:/C:/Users/kelviin/Documents/NetBeansProjects/APK_Laundry/APK_Laundry/src/apk_laundry/menu_member.java</file>
            <file>file:/C:/Users/kelviin/Documents/NetBeansProjects/APK_Laundry/APK_Laundry/src/apk_laundry/menu_utama.java</file>
            <file>file:/C:/Users/kelviin/Documents/NetBeansProjects/APK_Laundry/APK_Laundry/src/Laporan/Laporan%20Transaksi.jrxml</file>
            <file>file:/C:/Users/kelviin/Documents/NetBeansProjects/APK_Laundry/APK_Laundry/src/apk_laundry/menu_transaksi.java</file>
            <file>file:/C:/Users/kelviin/Documents/NetBeansProjects/APK_Laundry/APK_Laundry/src/apk_laundry/menu_user.java</file>
        </group>
    </open-files>
</project-private>
